{
  "id": "1714442",
  "name": "iconfont  a'li",
  "font_family": "iconfont",
  "css_prefix_text": "icon-",
  "description": "",
  "glyphs": [
    {
      "icon_id": "8776842",
      "name": "search",
      "font_class": "icon-test2",
      "unicode": "e63c",
      "unicode_decimal": 58940
    },
    {
      "icon_id": "8783413",
      "name": "balance",
      "font_class": "icon-test3",
      "unicode": "e661",
      "unicode_decimal": 58977
    },
    {
      "icon_id": "8776944",
      "name": "region",
      "font_class": "icon-test",
      "unicode": "e641",
      "unicode_decimal": 58945
    },
    {
      "icon_id": "8777511",
      "name": "arrow_down",
      "font_class": "icon-test1",
      "unicode": "e658",
      "unicode_decimal": 58968
    }
  ]
}
